的,de dī dí dì,一,yī,了,le liǎo,是,shì,不,bù
我,wǒ,在,zài,人,rén,有,yǒu,这,zhè
他,tā,来,lái,个,gě gè,你,nǐ,说,shuì shuō
上,shǎng shàng,到,dào,就,jiù,着,zhāo zháo zhe zhuó,大,dà dài
们,mén men,道,dào,那,nā nà,么,me,也,yě
地,de dì,子,zǐ,下,xià,出,chū,时,shí
看,kān kàn,要,yāo yào,她,tā,中,zhōng zhòng,没,méi mò
然,rán,里,lǐ,为,wéi wèi,过,guō guò,自,zì
好,hǎo hào,得,dé de děi,去,qù,可,kě kè,会,huì kuài
天,tiān,还,hái huán,心,xīn,后,hòu,以,yǐ
小,xiǎo,都,dōu dū,和,hé hè hú huó huò huo,对,duì,想,xiǎng
能,néng,起,qǐ,之,zhī,手,shǒu,而,ér
只,zhī zhǐ,生,shēng,什,shén shí,身,shēn,头,tóu
样,yàng,事,shì,多,duō,己,jǐ,家,jiā jia
面,miàn,知,zhī,开,kāi,如,rú,无,mó wú
现,xiàn,很,hěn,点,diǎn,前,qián,发,fā fà
经,jīng jìng,情,qíng,把,bǎ bà,老,lǎo,些,xiē
话,huà,已,yǐ,又,yòu,声,shēng,意,yì
于,yú,回,huí,笑,xiào,所,suǒ,但,dàn
眼,yǎn,成,chéng,方,fāng,年,nián,见,jiàn xiàn
当,dāng dàng,女,nǚ,真,zhēn,两,liǎng,力,lì
气,qì,从,cóng,用,yòng,长,cháng zhǎng,动,dòng
间,jiān jiàn,国,guó,走,zǒu,让,ràng,被,bèi
给,gěi jǐ,正,zhēng zhèng,问,wèn,打,dá dǎ,明,míng
儿,ér,法,fǎ,才,cái,几,jī jǐ,行,háng héng xíng
三,sān,定,dìng,此,cǐ,进,jìn,再,zài
种,chóng zhǒng zhòng,将,jiāng jiàng,实,shí,同,tóng tòng,最,zuì
本,běn,向,xiàng,分,fēn fèn,十,shí,学,xué
高,gāo,第,dì,感,gǎn,怎,zěn,神,shén
听,tīng,边,biān,作,zuō zuò,其,qí,吧,bā ba
却,què,口,kǒu,觉,jiào jué,啊,ā á ǎ à a,因,yīn
白,bái,次,cì,军,jūn,做,zuò,外,wài
门,mén,光,guāng,风,fēng,主,zhǔ,住,zhù
果,guǒ,与,yǔ yù,全,quán,二,èr,候,hòu
公,gōng,相,xiāng xiàng,吗,má mǎ ma,等,děng,别,bié biè
色,sè shǎi,死,sǐ,张,zhāng,部,bù,太,tài
日,rì,少,shǎo shào,战,zhàn,理,lǐ,直,zhí
重,chóng zhòng,王,wáng,像,xiàng,脸,liǎn,比,bǐ
快,kuài,何,hé,水,shuǐ,名,míng,体,tī tǐ
呢,ne ní,东,dōng,叫,jiào,西,xī,应,yīng yìng
便,biàn pián,放,fàng,马,mǎ,难,nán nàn,轻,qīng
更,gēng gèng,美,měi,位,wèi,关,guān,机,jī
接,jiē,先,xiān,文,wén,处,chǔ chù,并,bīng bìng
望,wàng,常,cháng,完,wán,四,sì,飞,fēi
师,shī,者,zhě,安,ān,清,qīng,刚,gāng
跟,gēn,月,yuè,信,xìn,山,shān,爱,ài
内,nèi,龙,lóng,空,kōng kòng,带,dài,找,zhǎo
原,yuán,入,rù,李,lǐ,连,lián,吃,chī
场,cháng chǎng,平,píng,思,sī,林,lín,变,biàn
使,shǐ,由,yóu,受,shòu,亲,qīn qìng,命,mìng
目,mù,强,jiàng qiáng qiǎng,男,nán,任,rén rèn,该,gāi
路,lù,车,chē jū,今,jīn,海,hǎi,加,jiā
远,yuǎn,活,huó,特,tè,解,jiě jiè xiè,电,diàn
世,shì,性,xìng,表,biǎo,许,xǔ,它,tā
立,lì,黑,hēi,金,jīn,红,hóng,花,huā
转,zhuǎn zhuàn,总,zǒng,算,suàn,城,chéng,队,duì
孩,hái,反,fǎn,工,gōng,始,shǐ,满,mǎn
新,xīn,兵,bīng,物,wù,离,lí,非,fēi
虽,suī,云,yún,似,shì sì,万,mò wàn,至,zhì
干,gān gàn,通,tōng tòng,认,rèn,失,shī,火,huǒ
哥,gē,士,shì,五,wǔ,惊,jīng,魔,mó
竟,jìng,姐,jiě,乎,hū,剑,jiàn,往,wǎng
量,liáng liàng,早,zǎo,结,jiē jié,怕,pà,流,liú
突,tū,坐,zuò,斯,sī,音,yīn,紧,jǐn
指,zhǐ,拉,lā lá,杀,shā,半,bàn,记,jì
且,qiě,利,lì,合,gě hé,倒,dǎo dào,书,shū
度,dù duó,微,wēi,步,bù,教,jiāo jiào,喜,xǐ
越,yuè,影,yǐng,谁,shéi shuí,冷,lěng,深,shēn
告,gào,落,là lào luò,象,xiàng,容,róng,怪,guài
传,chuán zhuàn,钱,qián,提,dī tí,言,yán,随,suí
每,měi,双,shuāng,服,fú fù,击,jī,武,wǔ
哪,nǎ na né,数,shǔ shù shuò,站,zhàn,奇,jī qí,房,fáng
管,guǎn,灵,líng,刻,kè,题,tí,衣,yī
周,zhōu,静,jìng,伤,shāng,百,bǎi,拿,ná
妈,mā,办,bàn,星,xīng,化,huà,功,gōng
绝,jué,系,jì xì,般,bān,必,bì,业,yè
尔,ěr,件,jiàn,血,xiě xuè,代,dài,精,jīng
弟,dì,终,zhōng,近,jìn,条,tiáo,青,qīng
界,jiè,司,sī,整,zhěng,欢,huān,字,zì
晚,wǎn,民,mín,帮,bāng,切,qiē qiè,即,jí
忙,máng,交,jiāo,或,huò,暗,àn,夫,fū
员,yuán yùn,根,gēn,石,dàn shí,哈,hā hǎ hà,夜,yè
父,fù,制,zhì,友,yǒu,阿,ā ē,息,xī
冲,chōng chòng,酒,jiǔ,保,bǎo,片,piān piàn,形,xíng
阵,zhèn,南,nā nán,决,jué,请,qǐng,各,gè
报,bào,兴,xīng xìng,阳,yáng,急,jí,语,yǔ
令,líng lǐng lìng,错,cuò,及,jí,刘,liú,极,jí
识,shí zhì,备,bèi,慢,màn,雪,xuě,苦,kǔ
若,ruò,领,lǐng,收,shōu,底,dǐ,尽,jǐn jìn
准,zhǔn,华,huá huà,答,dā dá,众,zhòng,千,qiān
消,xiāo,视,shì,罗,luó,敢,gǎn,留,liú
克,kè,乐,lè yuè,够,gòu,跑,páo pǎo,显,xiǎn
嘴,zuǐ,官,guān,断,duàn,未,wèi,势,shì
句,gōu jù,求,qiú,计,jì,论,lún lùn,达,dá
则,zé,害,hài,八,bā,单,chán dān shàn,久,jiǔ
脚,jiǎo,德,dé,元,yuán,脑,nǎo,楚,chǔ
雨,yǔ,睛,jīng,响,xiǎng,刀,dāo,确,què
玉,yù,沉,chén,北,běi,格,gé,停,tíng
陈,chén,市,shì,朝,cháo zhāo,喝,hē hè,族,zú
江,jiāng,团,tuán,母,mǔ,章,zhāng,装,zhuāng
亮,liàng,客,kè,照,zhào,乱,luàn,易,yì
足,zú,依,yī,黄,huáng,修,xiū,破,pò
台,tāi tái,球,qiú,呀,yā ya,院,yuàn,送,sòng
包,bāo,义,yì,诉,sù,攻,gōng,丝,sī
围,wéi,玩,wán,待,dāi dài,复,fù,况,kuàng
楼,lóu,丽,lí lì,痛,tòng,梦,mèng,呼,hū
摇,yáo,期,jī qī,英,yīng,低,dī,帝,dì
兄,xiōng,背,bēi bèi,持,chí,爷,yé,皇,huáng
七,qī,六,liù,穿,chuān,杨,yáng,政,zhèng
运,yùn,居,jū,叶,xié yè,热,rè,校,jiào xiào
谢,xiè,曾,céng zēng,古,gǔ,细,xì,产,chǎn
睡,shuì,希,xī,速,sù,室,shì,旁,páng
另,lìng,怀,huái,露,lòu lù,异,yì,写,xiě
鬼,guǐ,娘,niáng,取,qǔ,式,shì,除,chú
级,jí,考,kǎo,建,jiàn,愿,yuàn,招,zhāo
饭,fàn,布,bù,续,xù,程,chéng,首,shǒu
观,guān guàn,朋,péng,务,wù,掉,diào,赶,gǎn
忽,hū,注,zhù,术,shù zhú,甚,shèn,差,chā chà chāi cī
呵,hē,展,zhǎn,争,zhēng,品,pǐn,兰,lán
宝,bǎo,香,xiāng,斗,dǒu dòu,故,gù,雷,léi
念,niàn,段,duàn,顿,dùn,角,jiǎo jué,疑,yí
护,hù,闪,shǎn,木,mù,需,xū,调,diào tiáo
类,lèi,妹,mèi,爸,bà,线,xiàn,左,zuǒ
游,yóu,派,pài,谈,tán,激,jī,冰,bīng
敌,dí,跳,tiào,支,zhī,约,yāo yuē,巴,bā
您,nín,顾,gù,肯,kěn,醒,xǐng,铁,tiě
抱,bào,淡,dàn,造,zào,伙,huǒ,资,zī
群,qún,集,jí,联,lián,商,shāng,号,háo hào
节,jiē jié,讲,jiǎng,掌,zhǎng,赵,zhào,密,mì
九,jiǔ,病,bìng,卫,wèi,米,mǐ,威,wēi
继,jì,渐,jiàn,统,tǒng,追,zhuī,亚,yà
简,jiǎn,练,liàn,基,jī,选,xuǎn,推,tuī
改,gǎi,退,tuì,味,wèi,份,fèn,举,jǔ
示,shì,忍,rěn,历,lì,器,qì,恐,kǒng
引,yǐn,试,shì,皮,pí,习,xí,靠,kào
导,dǎo,存,cún,莫,mò,志,zhì,区,ōu qū
汉,hàn,右,yòu,严,yán,态,tài,买,mǎi
幸,xìng,社,shè,佛,fó fú,议,yì,树,shù
止,zhǐ,块,kuài,守,shǒu,毛,máo,挥,huī
胡,hú,散,sǎn sàn,板,bǎn,仅,jǐn,隐,yǐn
怒,nù,床,chuáng,苏,sū,料,liào,股,gǔ
局,jú,班,bān,图,tú,岁,suì,礼,lǐ
独,dú,初,chū,福,fú,顺,shùn,狂,kuáng
默,mò,巨,jù,既,jì,松,sōng,证,zhèng
烈,liè,否,fǒu pǐ,恶,ě è wù,治,zhì,缓,huǎn
排,pái pǎi,费,fèi,拍,pāi,耳,ěr,医,yī
寒,hán,哭,kū,温,wēn,府,fǔ,担,dān dàn
称,chèn chēng,余,yú,钟,zhōng,泪,lèi,烟,yān
仍,réng,具,jù,忘,wàng,恩,ēn,毕,bì
警,jǐng,蓝,lán,宫,gōng,吸,xī,陆,liù lù
究,jiū,抓,zhuā,压,yā yà,沙,shā shà,救,jiù
呆,dāi,河,hé,迷,mí,枪,qiāng,组,zǔ
权,quán,叹,tàn,孙,sūn,卷,juǎn juàn,查,chá zhā
毫,háo,春,chūn,察,chá,圣,shèng,草,cǎo
较,jiào,胜,shèng,遇,yù,充,chōng,史,shǐ
堂,táng,防,fáng,据,jū jù,猛,měng,骑,qí
土,tǔ,卡,kǎ qiǎ,助,zhù,京,jīng,银,yín
贵,guì,永,yǒng,质,zhì,屋,wū,须,xū
副,fù,换,huàn,刺,cī cì,属,shǔ,闻,wén
境,jìng,禁,jīn jìn,阴,yīn,共,gòng,负,fù
弄,lòng nòng,翻,fān,虎,hǔ,层,céng,喊,hǎn
逃,táo,晓,xiǎo,座,zuò,雅,yǎ,参,cān cēn shēn
射,shè,婚,hūn,险,xiǎn,君,jūn,划,huá huà
坚,jiān,价,jià jie,柔,róu,超,chāo,扬,yáng
科,kē,按,àn,狠,hěn,野,yě,秦,qín
秘,bì mì,熟,shóu shú,置,zhì,仙,xiān,模,mó mú
伸,shēn,波,bō,肉,ròu,假,jiǎ jià,齐,qí
舞,wǔ,脱,tuō,广,guǎng,姑,gū,麻,má
投,tóu,顶,dǐng,致,zhì,责,zé,景,jǐng
营,yíng,维,wéi,设,shè,坏,huài,啦,lā la
秀,xiù,败,bài,眉,méi,州,zhōu,药,yào
承,chéng,案,àn,狼,láng,专,zhuān,偷,tōu
画,huà,吴,wú,店,diàn,哦,é ó ò,弹,dàn tán
食,shí,欲,yù,抬,tái,标,biāo,秋,qiū
厉,lì,良,liáng,际,jì,状,zhuàng,烦,fán
午,wǔ,摆,bǎi,戏,xì,桌,zhuō,船,chuán
短,duǎn,村,cūn,某,mǒu,摸,mō,付,fù
演,yǎn,规,guī,萧,xiāo,封,fēng,握,wò
田,tián,唐,táng,藏,cáng zàng,震,zhèn,混,hùn
虚,xū,透,tòu,纪,jǐ jì,凌,líng,休,xiū
嘛,ma,梅,méi,紫,zǐ,歌,gē,临,lín
毒,dú,宗,zōng,著,zhù zhuó,索,suǒ,印,yìn
寻,xún,湖,hú,劲,jìn jìng,职,zhí,技,jì
恨,hèn,婆,pó,杰,jié,羽,yǔ,咱,zán
素,sù,凡,fán,值,zhí,飘,piāo,养,yǎng
嘿,hēi,普,pǔ,宁,níng nìng,吓,hè xià,兽,shòu
夏,xià,读,dòu dú,街,jiē,牛,niú,仿,fǎng
胸,xiōng,浪,làng,富,fù,尚,shàng,宇,yǔ
骨,gū gǔ,智,zhì,纷,fēn,升,shēng,叔,shū
善,shàn,弱,ruò,架,jià,卖,mài,袋,dài
网,wǎng,朱,zhū,骂,mà,雄,xióng,赛,sài
略,lüè,杯,bēi,施,shī,墙,qiáng,环,huán
罪,zuì,牙,yá,窗,chuāng,柳,liǔ,厅,tīng
搞,gǎo,端,duān,洞,dòng tóng,适,shì,拥,yōng
释,shì,洋,yáng,肩,jiān,魂,hún,闹,nào
蒙,mēng méng měng,洗,xǐ xiǎn,灯,dēng,借,jiè,伯,bǎi bó
免,miǎn,菜,cài,验,yàn,凤,fèng,鱼,yú
徐,xú,型,xíng,娜,nà nuó,暴,bào,亡,wáng
讨,tǎo,辈,bèi,懂,dǒng,腿,tuǐ,灭,miè
妙,miào,效,xiào,危,wēi,优,yōu,盘,pán
套,tào,丁,dīng,趣,qù,妖,yāo,束,shù
杂,zá,诗,shī,迎,yíng,舍,shě shè,旧,jiù
彩,cǎi,委,wěi,挂,guà,笔,bǐ,狗,gǒu
鲜,xiān xiǎn,纸,zhǐ,抗,kàng,探,tàn,韩,hán
尼,ní,控,kòng,惜,xī,珠,zhū,抽,chōu
创,chuāng chuàng,归,guī,挺,tǐng,奋,fèn,陪,péi
硬,yìng,避,bì,园,yuán,托,tuō,训,xùn
勇,yǒng,聊,liáo,奶,nǎi,庄,zhuāng,奔,bēn bèn
镇,zhèn,拳,quán,采,cǎi cài,研,yán,配,pèi
介,jiè,尊,zūn,冒,mào,虑,lǜ,敬,jìng
丹,dān,舒,shū,蛋,dàn,哼,hēng hng,宋,sòng
济,jǐ jì,妇,fù,箭,jiàn,择,zé zhái,犯,fàn
欣,xīn,甲,jiǎ,欧,ōu,课,kè,扑,pū
菲,fēi fěi,燕,yān yàn,曲,qū qǔ,躲,duǒ,玄,xuán
幻,huàn,茶,chá,折,shé zhē zhé,伊,yī,傻,shǎ
姓,xìng,源,yuán,洛,luò,遍,biàn,臣,chén
弃,qì,犹,yóu,占,zhān zhàn,漂,piāo piǎo piào,挑,tiāo tiǎo
获,huò,绿,lù lǜ,峰,fēng,俊,jùn,疯,fēng
列,liè,森,sēn,妻,qī,恋,liàn,误,wù
拜,bái bài,伟,wěi,移,yí,纳,nà,党,dǎng
罢,bà ba,腰,yāo,巧,qiǎo,孤,gū,闭,bì
圆,yuán,碰,pèng,镜,jìng,软,ruǎn,厚,hòu
累,léi lěi lèi,昨,zuó,幽,yōu,悲,bēi,丈,zhàng
牌,pái,降,jiàng xiáng,颜,yán,劳,láo,偏,piān
省,shěng xǐng,糊,hū hú hù,馆,guǎn,烧,shāo,谓,wèi
财,cái,舰,jiàn,汗,hán hàn,奈,nài,操,cāo
迹,jì,尸,shī,悄,qiāo qiǎo,残,cán,尖,jiān
鲁,lǔ,锋,fēng,圈,juān juàn quān,油,yóu,俩,liǎ liǎng
项,xiàng,撞,zhuàng,瞬,shùn,忆,yì,盖,gài gě
尤,yóu,徒,tú,乡,xiāng,概,gài,户,hù
荡,dàng,艺,yì,增,zēng,祖,zǔ,困,kùn
殿,diàn,迅,xùn,横,héng hèng,范,fàn,律,lǜ
番,fān pān,企,qǐ,惨,cǎn,限,xiàn,聚,jù
含,hán,凭,píng,剧,jù,碎,suì,躺,tǎng
缘,yuán,凉,liáng liàng,腾,téng,织,zhī,抢,qiāng qiǎng
预,yù,沈,shěn,替,tì,孔,kǒng,批,pī
康,kāng,惑,huò,唯,wéi,率,lǜ shuài,惯,guàn
登,dēng,互,hù,盯,dīng,稍,shāo shào,宣,xuān
唱,chàng,诚,chéng,剩,shèng,咬,yǎo,育,yù
诸,zhū,触,chù,晨,chén,策,cè,疼,téng
漫,màn,材,cái,补,bǔ,私,sī,吐,tǔ tù
纯,chún,艾,ài yì,贝,bèi,谷,gǔ,庭,tíng
挡,dǎng dàng,晃,huǎng huàng,吉,jí,吹,chuī,仔,zǎi zǐ
仇,chóu qiú,凝,níng,鼓,gǔ,农,nóng,席,xí
征,zhēng,帅,shuài,附,fù,缺,quē,塞,sāi sài sè
豪,háo,亦,yì,杜,dù,努,nǔ,判,pàn
谋,móu,胆,dǎn,尘,chén,扎,zā zhā zhá,滚,gǔn
闷,mēn mèn,迟,chí,稳,wěn,翼,yì,诺,nuò
闲,xián,灰,huī,朵,duǒ,盛,chéng shèng,梁,liáng
晶,jīng,餐,cān,爆,bào,伦,lún,娇,jiāo
侧,cè,愣,lèng,鼻,bí,轮,lún,昏,hūn
抖,dǒu,陷,xiàn,敏,mǐn,词,cí,慌,huāng
愤,fèn,怜,lián,颤,chàn,阶,jiē,苍,cāng
距,jù,郑,zhèng,川,chuān,扫,sǎo sào,逼,bī
县,xiàn,忧,yōu,童,tóng,执,zhí,丢,diū
荣,róng,臂,bei bì,逐,zhú,傲,ào,戴,dài
芒,máng,庆,qìng,伴,bàn,袭,xí,供,gōng gòng
积,jī,测,cè,遥,yáo,阻,zǔ,例,lì
睁,zhēng,岛,dǎo,遗,yí,瞪,dèng,慕,mù
皱,zhòu,博,bó,幕,mù,猜,cāi,益,yì
净,jìng,泽,zé,炼,liàn,监,jiān jiàn,鸡,jī
珍,zhēn,伏,fú,绍,shào,曹,cáo,爬,pá
丫,yā,炸,zhá zhà,壁,bì,涌,chōng yǒng,凶,xiōng
郎,láng làng,宿,sù xiǔ xiù,怨,yuàn,醉,zuì,拼,pīn
迫,pǎi pò,革,gé,瞧,qiáo,奥,ào,输,shū
莉,lì,忠,zhōng,颗,kē,嗯,ńg ňg ǹg,佳,jiā
旅,lǚ,仁,rén,鸟,niǎo,骗,piàn,浩,hào
塔,tǎ,胖,pán pàng,绪,xù,枫,fēng,拔,bá
赞,zàn,炮,bāo páo pào,傅,fù,凯,kǎi,邪,xié
芳,fāng,浑,hún,夺,duó,宽,kuān,堆,duī
裂,liè,遭,zāo,赤,chì,旋,xuán xuàn,扭,niǔ
洁,jié,浮,fú,悉,xī,擦,cā,慧,huì
典,diǎn,赏,shǎng,匆,cōng,评,píng,纵,zòng
莲,lián,雾,wù,乌,wū,跃,yuè,壮,zhuàng
贴,tiē,丰,fēng,隔,gé,健,jiàn,辛,xīn
抵,dǐ,竹,zhú,彻,chè,摩,mā mó,轰,hōng
编,biān,肚,dǔ dù,插,chā,磨,mó mò,哎,āi
御,yù,耐,nài,惧,jù,氏,shì zhī,辉,huī
扶,fú,恢,huī,貌,mào,额,é,述,shù
票,piào,录,lù,拖,tuō,膀,bǎng pāng páng,鹰,yīng
孟,mèng,递,dì,瑞,ruì,唇,chún,暂,zàn
货,huò,琴,qín,踪,zōng,码,mǎ,慰,wèi
蛇,shé,玲,líng,晕,yūn yùn,损,sǔn,轩,xuān
粗,cū,掩,yǎn,屁,pì,悠,yōu,仰,yǎng
零,líng,盟,méng,途,tú,贼,zéi,洪,hóng
悟,wù,固,gù,讶,yà,冬,dōng,滑,huá
甜,tián,郁,yù,琳,lín,辆,liàng,乃,nǎi
猪,zhū,暖,nuǎn,妮,nī,挣,zhēng zhèng,旦,dàn
估,gū gù,坦,tǎn,甘,gān,佩,pèi,莱,lái
享,xiǎng,吼,hǒu,构,gòu,粉,fěn,萨,sà
吻,wěn,潜,qián,瓶,píng,偶,ǒu,戒,jiè
浓,nóng,毁,huǐ,销,xiāo,迪,dí,拒,jù
绕,rào,勒,lè lēi,朗,lǎng,嘻,xī,尾,wěi yǐ
帐,zhàng,废,fèi,延,yán,敲,qiāo,烂,làn
曼,màn,厌,yàn,宜,yí,羞,xiū,喂,wèi
吟,yín,滴,dī,洲,zhōu,爹,diē,艳,yàn
晴,qíng,抚,fǔ,缩,sù suō,协,xié,央,yāng
悔,huǐ,肖,xiāo xiào,缠,chán,脆,cuì,痕,hén
伍,wǔ,寂,jì,启,qǐ,翔,xiáng,薄,báo bó bò
侯,hóu hòu,劝,quàn,郭,guō,奴,nú,鸣,míng
倾,qīng,彼,bǐ,扔,rēng,撒,sā sǎ,豫,yù
检,jiǎn,针,zhēn,耀,yào,痴,chī,姆,mǔ
篇,piān,椅,yī yǐ,厂,chǎng,董,dǒng,熊,xióng
埋,mái mán,乖,guāi,狐,hú,蒋,jiǎng,踏,tā tà
隆,lóng,括,kuò,潮,cháo,唉,āi ài,穷,qióng
聪,cōng,唤,huàn,泰,tài,版,bǎn,末,mò
旗,qí,仪,yí,焦,jiāo,猫,māo,盗,dào
侍,shì,挤,jǐ,款,kuǎn,拾,shè shí,荒,huāng
姿,zī,域,yù,搭,dā,脉,mài mò,授,shòu
俗,sú,融,róng,狱,yù,欺,qī,访,fǎng
桥,qiáo,锁,suǒ,霸,bà,牵,qiān,池,chí
钻,zuān zuàn,港,gǎng,喃,nán,廷,tíng,乘,chéng
玛,mǎ,奉,fèng,扯,chě,岳,yuè,减,jiǎn
弯,wān,夹,gā jiā jiá,辞,cí,岸,àn,岂,qǐ
屈,qū,恼,nǎo,哲,zhé,季,jì,召,shào zhào
丧,sāng sàng,尝,cháng,恭,gōng,载,zǎi zài,瘦,shòu
皆,jiē,颇,pō,茫,máng,染,rǎn,肃,sù
爽,shuǎng,亏,kuī,吞,tūn,惹,rě,哀,āi
乔,qiáo,趁,chèn,铺,pū pù,脏,zāng zàng,吕,lǚ
奖,jiǎng,倍,bèi,汤,tāng,振,zhèn,婷,tíng
牢,láo,扰,rǎo,溜,liū liù,庞,páng,臭,chòu xiù
悦,yuè,赫,hè,赢,yíng,跪,guì,麦,mài
枝,zhī,侠,xiá,泉,quán,劫,jié,炎,yán
泥,ní nì,赌,dǔ,弓,gōng,魏,wèi,罩,zhào
疾,jí,饰,shì,符,fú,垂,chuí,映,yìng
漠,mò,脖,bó,饮,yǐn yìn,沿,yán,懒,lǎn
肤,fū,桑,sāng,堪,kān,燃,rán,卓,zhuó
祝,zhù,赖,lài,宾,bīn,贾,gǔ jiǎ,喘,chuǎn
焰,yàn,吵,chāo chǎo,冥,míng,鞋,xié,逸,yì
均,jūn,库,kù,裤,kù,碗,wǎn,航,háng
踢,tī,姨,yí,酸,suān,啸,xiào,龄,líng
阁,gé,舌,shé,箱,xiāng,冯,féng,邦,bāng
钢,gāng gàng,霞,xiá,促,cù,泡,pāo pào,盾,dùn
羊,yáng,碧,bì,援,yuán,忌,jì,抹,mā mǒ mò
倩,qiàn,锐,ruì,喷,pēn pèn,拦,lán,嘉,jiā
袖,xiù,殊,shū,辰,chén,繁,fán pó,络,lào luò
抛,pāo,嫁,jià,咒,zhòu,撤,chè,键,jiàn
湿,shī,恰,qià,虫,chóng,审,shěn,献,xiàn
媚,mèi,贤,xián,葛,gé gě,刹,chà shā,袁,yuán
摔,shuāi,序,xù,筑,zhù,斜,xié,瓦,wǎ wà
涂,tú,湾,wān,莎,shā suō,崇,chóng,猎,liè
刑,xíng,墨,mò,娃,wá,梯,tī,桃,táo
豆,dòu,驾,jià,浅,qiǎn,径,jìng,饿,è
疲,pí,搬,bān,瓜,guā,莹,yíng,滋,zī
润,rùn,铃,líng,蛮,mán,蒂,dì,拨,bō
涛,tāo,予,yú yǔ,勾,gōu gòu,惠,huì,析,xī
砍,kǎn,撑,chēng,截,jié,措,cuò,币,bì
薇,wēi,愈,yù,督,dū,酷,kù,祥,xiáng
怖,bù,侵,qīn,岩,yán,扮,bàn,糟,zāo
盈,yíng,腹,fù,斩,zhǎn,尺,chě chǐ,签,qiān
稀,xī,掏,tāo,夸,kuā,汽,qì,液,yè
姬,jī,愧,kuì,汇,huì,柱,zhù,粮,liáng
堡,bǎo bǔ pù,仗,zhàng,笨,bèn,奏,zòu,歉,qiàn
甩,shuǎi,怔,zhèng,允,yǔn,竞,jìng,祸,huò
耶,yē yé,爵,jué,绩,jì,诱,yòu,呜,wū
穴,xué,黎,lí,租,zū,培,péi,砸,zá
麽,mó,井,jǐng,窝,wō,弥,mí,返,fǎn
匹,pǐ,啥,shá,凑,còu,奸,jiān,陌,mò
叛,pàn,核,hé hú,卧,wò,幅,fú,眨,zhǎ
耗,hào,洒,sǎ,怡,yí,详,xiáng,卢,lú
扣,kòu,哇,wā wa,丑,chǒu,勉,miǎn,孝,xiào
矛,máo,氛,fēn,衡,héng,陶,táo,购,gòu
汪,wāng,僵,jiāng,疗,liáo,妃,fēi,罚,fá
棋,qí,缝,féng fèng,咐,fù,躯,qū,泛,fàn
愁,chóu,搜,sōu,慈,cí,肥,féi,笼,lóng lǒng
篮,lán,俱,jū jù,惟,wéi,柜,guì jǔ,捉,zhuō
悬,xuán,霍,huò,泄,xiè,咽,yān yàn yè,齿,chǐ
秒,miǎo,勤,qín,扩,kuò,屏,bǐng píng,霜,shuāng
袍,páo,蝶,dié,祭,jì zhài,厨,chú,胁,xié
璃,lí,劈,pī pǐ,赚,zhuàn,锦,jǐn,尬,gà
尴,gān,熙,xī,寺,sì,昌,chāng,贺,hè
巾,jīn,描,miáo,捕,bǔ,陵,líng,咳,hāi ké
扇,shān shàn,虹,hóng jiàng,绵,mián,撕,sī,蔡,cài
催,cuī,彭,péng,宠,chǒng,贪,tān,辱,rǔ
誓,shì,盒,hé,寸,cùn,披,pī,搂,lōu lǒu
饶,ráo,跌,diē,欠,qiàn,肌,jī,售,shòu
巡,xún,抑,yì,纹,wén,宏,hóng,幼,yòu
萍,píng,驻,zhù,丛,cóng,亿,yì,播,bō
俄,é,刃,rèn,蕾,lěi,挨,āi ái,仲,zhòng
迈,mài,违,wéi,辩,biàn,埃,āi,艘,sōu
琪,qí,灾,zāi,僧,sēng,渡,dù,卑,bēi
雕,diāo,鼠,shǔ,讯,xùn,辣,là,刷,shuā shuà
艰,jiān,斥,chì,裙,qún,翠,cuì,饱,bǎo
掠,lüè,询,xún,勃,bó,夕,xī,矮,ǎi
瑶,yáo,赐,cì,捏,niē,闯,chuǎng,姚,yáo
瑟,sè,渴,kě,谅,liàng,昂,áng,串,chuàn
沟,gōu,涉,shè,咕,gū,驶,shǐ,摄,shè
贫,pín,辕,yuán,婉,wǎn,鹏,péng,姜,jiāng
碍,ài,荷,hé hè,冠,guān guàn,魅,mèi,玫,méi
裁,cái,坡,pō,鸿,hóng,邓,dèng,歪,wāi
乏,fá,申,shēn,割,gē,巫,wū,衫,shān
棒,bàng,阔,kuò,泣,qì,韦,wéi,恍,huǎng
贯,guàn,魄,pò,柄,bǐng,患,huàn,覆,fù
蜜,mì,婴,yīng,励,lì,锅,guō,陛,bì
遮,zhē,帕,pà,咖,gā kā,嫌,xián,胳,gē gé
挖,wā,啪,pā,矿,kuàng,凄,qī,爪,zhǎo zhuǎ
眠,mián,穆,mù,啡,fēi,吾,wú,坛,tán
脾,pí,恒,héng,屠,tú,玻,bō,蓉,róng
础,chǔ,曰,yuē,耸,sǒng,膊,bó,逆,nì
寿,shòu,驱,qū,猴,hóu,佣,yōng yòng,毅,yì
舅,jiù,铜,tóng,娟,juān,眯,mī mí,淫,yín
吩,fēn,匪,fěi,牧,mù,役,yì,寄,jì
诡,guǐ,纤,qiàn xiān,腐,fǔ,姻,yīn,晰,xī
渊,yuān,亭,tíng,邀,yāo,哄,hōng hǒng hòng,骚,sāo
墓,mù,柯,kē,筋,jīn,崔,cuī,灿,càn
捷,jié,淋,lín lìn,弗,fú,辑,jí,棍,gùn
绳,shéng,频,pín,廊,láng,畏,wèi,歇,xiē
裹,guǒ,苗,miáo,盼,pàn,咯,gē kǎ lo luò,耍,shuǎ
煞,shā shà,寝,qǐn,瞒,mán,添,tiān,嫂,sǎo
纠,jiū,慨,kǎi,嚷,rāng rǎng,驰,chí,拐,guǎi
宴,yàn,津,jīn,岚,lán,浴,yù,耻,chǐ
挽,wǎn,页,yè,誉,yù,牲,shēng,乳,rǔ
仓,cāng,逝,shì,喉,hóu,逛,guàng,樱,yīng
兼,jiān,戈,gē,哗,huā huá,涯,yá,捧,pěng
铭,míng,障,zhàng,摊,tān,跨,kuà,妥,tuǒ
揉,róu,晋,jìn,寞,mò,寨,zhài,漆,qī
污,wū,嘲,cháo,枚,méi,吊,diào,乾,qián
馨,xīn,伪,wěi,嗓,sǎng,呈,chéng,卿,qīng
楠,nán,籍,jí,裸,luǒ,链,liàn,灌,guàn
昆,kūn,畅,chàng,逍,xiāo,帽,mào,阅,yuè
逗,dòu,蹲,dūn,踩,cǎi,窜,cuàn,哑,yā yǎ
趴,pā,逢,féng,植,zhí,媒,méi,韵,yùn
昭,zhāo,尹,yǐn,谦,qiān,档,dàng,趟,tàng
沾,zhān,兔,tù,订,dìng,朴,piáo pò pǔ,瞎,xiā
鞭,biān,俺,ǎn,斤,jīn,翅,chì,肠,cháng
雀,qiāo qiǎo què,慎,shèn,盆,pén,迁,qiān,镖,biāo
芬,fēn,崖,yá,丘,qiū,蠢,chǔn,庙,miào
潘,pān,颖,yǐng,拓,tà tuò,娶,qǔ,纱,shā
漏,lòu,谨,jǐn,珊,shān,仆,pū pú,宙,zhòu
尉,wèi yù,屑,xiè,叮,dīng,捂,wǔ,涩,sè
诧,chà,柴,chái,杆,gān gǎn,涵,hán,坠,zhuì
赔,péi,涨,zhǎng zhàng,嘟,dū,崩,bēng,薛,xuē
藤,téng,税,shuì,枯,kū,译,yì,帘,lián
糖,táng,愉,yú,骄,jiāo,羡,xiàn,糕,gāo
彬,bīn,愚,yú,疏,shū,翰,hàn,堵,dǔ
腕,wàn,眸,móu,芸,yún,溪,xī,殷,yān yīn
谎,huǎng,鼎,dǐng,稿,gǎo,哟,yō yo,冤,yuān
症,zhēng zhèng,棵,kē,狄,dí,咧,liē liě,湘,xiāng
宛,wǎn,嫩,nèn,肆,sì,宰,zǎi,憾,hàn
偿,cháng,腔,qiāng,哩,lī li,豹,bào,瑰,guī
鉴,jiàn,绑,bǎng,潇,xiāo,戚,qī,郡,jùn
澡,zǎo,桂,guì,兮,xī,雯,wén,颠,diān
狮,shī,邻,lín,契,qì,骇,hài,卜,bo bǔ
揭,jiē,妄,wàng,坑,kēng,伐,fá,矩,jǔ
烁,shuò,葬,zàng,诀,jué,鄙,bǐ,鹿,lù
柏,bǎi bó,溃,huì kuì,朕,zhèn,舟,zhōu,妆,zhuāng
躁,zào,霉,méi,侦,zhēn,冻,dòng,娅,yà
庸,yōng,筹,chóu,削,xiāo xuē,砰,pēng,耿,gěng
牺,xī,筒,tǒng,遂,suí suì,旭,xù,胎,tāi
惶,huáng,淑,shū,叉,chā chá chǎ chà,痒,yǎng,竖,shù
龟,guī jūn qiū,斑,bān,儒,rú,嫣,yān,宅,zhái
押,yā,胃,wèi,旨,zhǐ,册,cè,膝,xī
浸,jìn,弦,xián,栏,lán,衷,zhōng,刮,guā
艇,tǐng,岗,gāng gǎng,赴,fù,囊,nāng náng,斧,fǔ
颊,jiá,疆,jiāng,炉,lú,塌,tā,乞,qǐ
旺,wàng,烤,kǎo,黛,dài,逊,xùn,贱,jiàn
辨,biàn,狸,lí,叙,xù,愕,è,叠,dié
遣,qiǎn,晌,shǎng,麟,lín,腥,xīng,粒,lì
拟,nǐ,俏,qiào,杖,zhàng,芝,zhī,夷,yí
衬,chèn,佐,zuǒ,巷,hàng xiàng,捡,jiǎn,遵,zūn
塑,sù,桶,tǒng,泼,pō,滩,tān,琼,qióng
昊,hào,帆,fān,搏,bó,颈,gěng jǐng,噢,ō
蹦,bèng,寡,guǎ,贞,zhēn,凰,huáng,哨,shào
拆,chāi,茹,rú,劣,liè,嘱,zhǔ,沃,wò
厢,xiāng,摘,zhāi,咋,zǎ zé zhā,坤,kūn,俯,fǔ
媳,xí,赋,fù,嘶,sī,贡,gòng,碌,liù lù
匙,chí shi,拢,lǒng,谭,tán,翁,wēng,辜,gū
竭,jié,廉,lián,械,xiè,贸,mào,辅,fǔ
讽,fěng,呐,nà,斌,bīn,辽,liáo,填,tián
窃,qiè,抄,chāo,溢,yì,妒,dù,吁,xū yū yù
嗦,suō,掀,xiān,芙,fú,祈,qí,栋,dòng
吱,zhī zī,撇,piē piě,胞,bāo,轿,jiào,禅,chán shàn
妨,fáng,拂,fú,倦,juàn,衰,shuāi,靖,jìng
循,xún,挪,nuó,蓬,péng,惩,chéng,垃,lā
账,zhàng,驳,bó,署,shǔ,甫,fǔ,顽,wán
姥,lǎo,圾,jī,熬,āo áo,枕,zhěn,丐,gài
茜,qiàn xī,咦,yí,厕,cè,攀,pān,彤,tóng
妍,yán,拽,zhuài,荆,jīng,妓,jì,壶,hú
於,yū yú,寇,kòu,鹤,hè,钥,yào yuè,骤,zhòu
渺,miǎo,刊,kān,肢,zhī,烛,zhú,孕,yùn
绽,zhàn,彦,yàn,棉,mián,俘,fú,盔,kuī
剪,jiǎn,诞,dàn,兜,dōu,凛,lǐn,岭,lǐng
嚣,xiāo,溅,jiàn,笛,dí,舱,cāng,罕,hǎn
鸭,yā,债,zhài,噬,shì,钉,dīng dìng,躬,gōng
倚,yǐ,缕,lǚ,咚,dōng,撼,hàn,蕊,ruǐ
侄,zhí,佑,yòu,雁,yàn,隶,lì,践,jiàn
拱,gǒng,沐,mù,菊,jú,蜂,fēng,裕,yù
兆,zhào,搅,jiǎo,尿,niào suī,黯,àn,歹,dǎi
蓄,xù,朦,méng,嘀,dí,怯,qiè,叨,dāo dáo tāo
纽,niǔ,聘,pìn,腻,nì,剥,bāo bō,彪,biāo
沸,fèi,氓,máng,榜,bǎng,逻,luó,壳,ké qiào
储,chǔ,憋,biē,啤,pí,匠,jiàng,悍,hàn
昧,mèi,泊,bó pō,篷,péng,烫,tàng,狡,jiǎo
轨,guǐ,汹,xiōng,携,xié,磊,lěi,隙,xì
仑,lún,摧,cuī,瞄,miáo,胧,lóng,趋,qū
挠,náo,煌,huáng,擅,shàn,卒,cù zú,饼,bǐng
狭,xiá,丸,wán,惫,bèi,瞅,chǒu,犬,quǎn
砖,zhuān,矣,yǐ,楞,léng,昔,xī,裳,shang
骆,luò,雇,gù,阎,yán,骷,kū,鸦,yā
妞,niū,墅,shù,焚,fén,谱,pǔ,绘,huì
梳,shū,肿,zhǒng,魁,kuí,耽,dān,擒,qín
陡,dǒu,璋,zhāng,茂,mào,蹄,tí,瞥,piē
瞳,tóng,髅,lóu,绣,xiù,硕,shuò,肺,fèi
兹,cí zī,炒,chǎo,邮,yóu,弘,hóng,嫉,jí
届,jiè,嗡,wēng,娱,yú,喧,xuān,脂,zhī
膛,táng,沧,cāng,疚,jiù,盐,yán,扁,biǎn piān
搁,gē gé,茅,máo,滔,tāo,坟,fén,掐,qiā
瑜,yú,邱,qiū,桐,tóng,茵,yīn,苹,píng
旷,kuàng,翘,qiáo qiào,郝,hǎo,蓦,mò,诈,zhà
沫,mò,菁,jīng,粹,cuì,琢,zhuó zuó,腊,là
钦,qīn,喻,yù,宪,xiàn,锻,duàn,睹,dǔ
郊,jiāo,饥,jī,侃,kǎn,粘,nián zhān,媛,yuán yuàn
谊,yì,恳,kěn,厮,sī,锤,chuí,凳,dèng
淮,huái,蔽,bì,聂,niè,贩,fàn,潭,tán
翩,piān,呻,shēn,枉,wǎng,拘,jū,煮,zhǔ
焉,yān,址,zhǐ,匕,bǐ,渗,shèn,览,lǎn
敦,dūn,厦,shà xià,蕴,yùn,冉,rǎn,薪,xīn
呃,è e,峻,jùn,荐,jiàn,栽,zāi,嚎,háo
汁,zhī,傍,bàng,秃,tū,磕,kē,禀,bǐng
珑,lóng,坎,kǎn,邵,shào,萌,méng,窄,zhǎi
阮,ruǎn,蹈,dǎo,碑,bēi,婶,shěn,煤,méi
寓,yù,栈,zhàn,滞,zhì,倘,tǎng,杭,háng
暇,xiá,狈,bèi,峡,xiá,侣,lǚ,芦,lú lǔ
蔓,mán màn wàn,蒸,zhēng,禄,lù,胀,zhàng,醋,cù
淌,tǎng,伞,sǎn,姊,zǐ,钩,gōu,衍,yǎn
妾,qiè,嘎,gā gá gǎ,蜀,shǔ,蝴,hú,萝,luó
莽,mǎng,弩,nǔ,祷,dǎo,稚,zhì,圳,zhèn
徽,huī,衙,yá,咸,xián,陋,lòu,奢,shē
罐,guàn,霄,xiāo,毙,bì,汝,rǔ,敞,chǎng
暮,mù,嘘,shī xū,灼,zhuó,澜,lán,姗,shān
倪,ní,挫,cuò,咪,mī mǐ,钧,jūn,捣,dǎo
燥,zào,泳,yǒng,眶,kuàng,乙,yǐ,澈,chè
焕,huàn,酬,chóu,筷,kuài,宵,xiāo,缚,fù
揪,jiū,蚁,yǐ,喇,lǎ,丞,chéng,拎,līn
棠,táng,咙,lóng,梭,suō,哧,chī,棺,guān
璇,xuán,瀚,hàn,肝,gān,敛,liǎn,剂,jì
疤,bā,渔,yú,嗔,chēn,沮,jǔ,廖,liào
虏,lǔ,皓,hào,勋,xūn,恕,shù,虐,nüè
虞,yú,综,zèng zōng,瘾,yǐn,驴,lǘ,晒,shài
卦,guà,迦,jiā,陀,tuó,窥,kuī,堕,duò
哆,duō,葡,pú,帖,tiē tiě tiè,垫,diàn,屡,lǚ
鹅,é,蛛,zhū,盲,máng,碟,dié,狞,níng
囚,qiú,诊,zhěn,揽,lǎn,裴,péi,捞,lāo
吏,lì,铮,zhēng,萄,táo,盏,zhǎn,霆,tíng
喔,wō,贷,dài,勿,wù,吭,háng kēng,淘,táo
辟,bì pì,蔑,miè,淹,yān,麒,qí,喽,lóu lou
栗,lì,绷,bēng běng bèng,惚,hū,桓,huán,坊,fāng fáng
桩,zhuāng,嗽,sòu,履,lǚ,璐,lù,菩,pú
巢,cháo,畜,chù xù,兀,wù,樊,fán,锡,xī
棚,péng,仕,shì,倏,shū,芹,qín,僻,pì
絮,xù,杏,xìng,浆,jiāng jiàng,瘫,tān,啧,zé
磁,cí,冈,gāng,逮,dǎi dài,搓,cuō,赠,zèng
胶,jiāo,脊,jǐ,噩,è,绰,chāo chuò,呕,ǒu
嚼,jiáo jiào jué,谐,xié,歼,jiān,揣,chuāi chuǎi chuài,殖,shi zhí
拧,níng nǐng nìng,伺,cì sì,霖,lín,驼,tuó,襄,xiāng
衔,xián,惕,tì,掷,zhì,卸,xiè,炽,chì
敖,áo,惭,cán,框,kuàng,捆,kǔn,眩,xuàn
蝉,chán,谜,mí,炫,xuàn,塘,táng,阱,jǐng
膜,mó,亨,hēng,奕,yì,蚂,mǎ mà,猩,xīng
滨,bīn,沁,qìn,跋,bá,藩,fān,舔,tiǎn
捐,juān,歧,qí,隋,suí,蹭,cèng,甄,zhēn
蜡,là,嗤,chī,缸,gāng,嬉,xī,哮,xiào
熄,xī,窍,qiào,俞,yú,豁,huō huò,垒,lěi
掘,jué,琦,qí,屎,shǐ,乍,zhà,孽,niè
毯,tǎn,弧,hú,槐,huái,铠,kǎi,挟,xié
襟,jīn,梨,lí,嗅,xiù,祁,qí,纲,gāng
渠,qú,矢,shǐ,捅,tǒng,扛,gāng káng,朽,xiǔ
忖,cǔn,匈,xiōng,扒,bā pá,雍,yōng,莺,yīng
侮,wǔ,闺,guī,霓,ní,稽,jī,斋,zhāi
夭,yāo,沦,lún,揍,zòu,瞟,piǎo,苟,gǒu
琉,liú,漪,yī,暑,shǔ,窟,kū,钓,diào
鳞,lín,瓷,cí,萱,xuān,株,zhū,倭,wō
鞘,qiào shāo,沛,pèi,噜,lū,绞,jiǎo,颓,tuí
睿,ruì,噗,pū,唔,wú,幢,chuáng zhuàng,喀,kā
诅,zǔ,涕,tì,拣,jiǎn,谣,yáo,叽,jī
葱,cōng,拭,shì,婢,bì,铸,zhù,绮,qǐ
剿,jiǎo,胤,yìn,秩,zhì,畔,pàn,粥,zhōu
奎,kuí,绸,chóu,茨,cí,熏,xūn,蹬,dēng
诏,zhào,岔,chà,叭,bā,咆,páo,滥,làn
梧,wú,垮,kuǎ,澳,ào,浙,zhè,甸,diàn
绯,fēi,诛,zhū,鲍,bào,刁,diāo,厥,jué
蚊,wén,鞠,jū,歆,xīn,拙,zhuō,茗,míng
眷,juàn,戮,lù,唬,hǔ,骏,jùn,扳,bān
踹,chuài,漓,lí,蝇,yíng,擂,léi lèi,涡,guō wō
沌,dùn zhuàn,凸,tū,蚩,chī,酿,niàng,唾,tuò
琐,suǒ,犀,xī,澄,chéng dèng,哉,zāi,猾,huá
煎,jiān,窒,zhì,虾,xiā,蝠,fú,钞,chāo
瓣,bàn,唧,jī,觑,qù,哽,gěng,娥,é
婿,xù,讪,shàn,耕,gēng,葫,hú,暧,ài
浇,jiāo,嗨,hāi,诵,sòng,疫,yì,兢,jīng
箫,xiāo,颅,lú,啼,tí,绅,shēn,杉,shā shān
嗜,shì,券,quàn xuàn,遁,dùn,炯,jiǒng,霎,shà
讥,jī,迭,dié,彷,páng,觅,mì,娴,xián
抿,mǐn,剔,tī,稻,dào,敷,fū,泻,xiè
怠,dài,龚,gōng,绒,róng,讳,huì,勺,sháo
函,hán,喳,chā zhā,颂,sòng,搀,chān,撩,liāo liáo
擎,qíng,巍,wēi,脯,fǔ pú,镶,xiāng,寥,liáo
漾,yàng,缴,jiǎo,藉,jí jiè,弊,bì,逞,chěng
膏,gāo gào,戳,chuō,呛,qiāng qiàng,凹,āo,叩,kòu
禽,qín,懊,ào,懈,xiè,蛟,jiāo,亢,kàng
呸,pēi,芊,qiān,慑,shè,跺,duò,跄,qiàng
蚀,shí,栖,qī,蔚,wèi yù,铲,chǎn,坪,píng
筝,zhēng,顷,qǐng,腮,sāi,踉,liàng,狰,zhēng
踱,duó,嗖,sōu,苑,yuàn,秉,bǐng,猿,yuán
堤,dī,佟,tóng,悯,mǐn,唠,láo lào,憨,hān
肘,zhǒu,拇,mǔ,僚,liáo,霹,pī,婕,jié
禹,yǔ,啃,kěn,匀,yún,晖,huī,怅,chàng
聋,lóng,拯,zhěng,忿,fèn,韧,rèn,邹,zōu
梢,shāo,肋,lèi,窘,jiǒng,嵌,qiàn,婪,lán
辖,xiá,浦,pǔ,炭,tàn,曦,xī,簇,cù
螺,luó,酱,jiàng,屯,tún,悴,cuì,匡,kuāng
冀,jì,橙,chéng,倔,jué juè,陕,shǎn,筱,xiǎo
叱,chì,髓,suǐ,淳,chún,矜,jīn,詹,zhān
菱,líng,芷,zhǐ,惺,xīng,浊,zhuó,囔,nāng
朔,shuò,憔,qiáo,睫,jié,睬,cǎi,鸽,gē
臀,tún,吨,dūn,笙,shēng,戟,jǐ,沼,zhǎo
谍,dié,昕,xīn,蛊,gǔ,煜,yù,祀,sì
罡,gāng,伶,líng,荫,yīn yìn,酥,sū,懦,nuò
厄,è,峨,é,轴,zhóu zhòu,伽,gā jiā qié,雳,lì
卵,luǎn,捶,chuí,檐,yán,棘,jí,嗣,sì
钗,chāi,袜,wà,妩,wǔ,炕,kàng,偎,wēi
窦,dòu,蝎,xiē,溶,róng,幺,yāo,膨,péng
峙,shì zhì,缉,jī qī,徊,huái,呗,bei,衅,xìn
砂,shā,舵,duò,昼,zhòu,迸,bèng,斟,zhēn
舆,yú,椒,jiāo,靓,jìng liàng,旬,xún,厘,lí
窑,yáo,萎,wěi,涟,lián,疙,gē,芠,wén
瘩,dá da,梵,fàn,靴,xuē,侥,jiǎo yáo,匿,nì
挚,zhì,镯,zhuó,兑,duì,尧,yáo,徘,pái
芽,yá,狙,jū,闵,mǐn,辫,biàn,瀑,bào pù
嗷,áo,庐,lú,芯,xīn xìn,禾,hé,澎,péng
邢,xíng,绊,bàn,蜘,zhī,憎,zēng,靡,mí mǐ
褚,chǔ,湛,zhàn,蒲,pú,嚓,cā chā,珂,kē
崽,zǎi,贬,biǎn,惮,dàn,婵,chán,嗒,dā
悸,jì,晦,huì,涅,niè,恬,tián,慷,kāng
穹,qióng,渣,zhā,屉,tì,缭,liáo,绢,juàn
嬴,yíng,袱,fú,黝,yǒu,袅,niǎo,淇,qí
茄,jiā qié,寅,yín,赦,shè,悻,xìng,祟,suì
榻,tà,蛙,wā,苇,wěi,嵩,sōng,茉,mò
唰,shuā,咏,yǒng,凿,záo,粪,fèn,噪,zào
菌,jūn jùn,蝙,biān,庶,shù,邸,dǐ,晟,chéng
禧,xǐ,攒,cuán zǎn,旱,hàn,虔,qián,琛,chēn
榴,liú,漱,shù,忑,tè,匣,xiá,忐,tǎn
谬,miù,蟒,mǎng,棱,lēng léng líng,钝,dùn,悚,sǒng
廓,kuò,惘,wǎng,漉,lù,蟹,xiè,佬,lǎo
曳,yè,赎,shú,壤,rǎng,忡,chōng,倡,chàng
冶,yě,姝,shū,筠,jūn yún,竿,gān,蜷,quán
癌,ái,嘈,cáo,蚕,cán,剖,pōu,颁,bān
缀,zhuì,汀,tīng,谕,yù,牡,mǔ,斐,fěi
懵,měng,皙,xī,缪,miào miù móu,蔷,qiáng,诫,jiè
恤,xù,咄,duō,馒,mán,矫,jiáo jiǎo,痞,pǐ
橘,jú,氧,yǎng,贿,huì,肮,āng,瑾,jǐn
璧,bì,烙,lào luò,攘,rǎng,攥,zuàn,汰,tài
溺,nì,铅,qiān yán,咔,kā kǎ,芭,bā,戎,róng
褐,hè,巩,gǒng,吆,yāo,彰,zhāng,漩,xuán
聆,líng,蒜,suàn,棕,zōng,鹃,juān,帜,zhì
鄂,è,搐,chù,蔼,ǎi,怦,pēng,穗,suì
亩,mǔ,撰,zhuàn,绎,yì,牟,móu mù,咨,zī
奄,yǎn,梓,zǐ,绚,xuàn,阀,fá,烘,hōng
炙,zhì,翎,líng,惋,wǎn,驯,xùn,栩,xǔ
逾,yú,墟,xū,鬟,huán,茬,chá,褪,tuì tùn
鑫,xīn,骸,hái,峭,qiào,缅,miǎn,灶,zào
洽,qià,祯,zhēn,暄,xuān,裔,yì,韶,sháo
缎,duàn,砚,yàn,锥,zhuī,辙,zhé,惦,diàn
铛,chēng dāng,枣,zǎo,桦,huà,邃,suì,橱,chú
搔,sāo,腑,fǔ,萤,yíng,枢,shū,遏,è
募,mù,憬,jǐng,庵,ān,叼,diāo,嫖,piáo
苛,kē,锣,luó,蹑,niè,拌,bàn,奠,diàn
秽,huì,殴,ōu,喋,dié zhá,糙,cāo,貂,diāo
揖,yī,葵,kuí,榆,yú,颐,yí,皂,zào
眈,dān,扼,è,眺,tiào,孜,zī,簌,sù
玺,xǐ,偌,ruò,蹿,cuān,蓓,bèi,弛,chí
庇,bì,檀,tán,枭,xiāo,螂,láng,趾,zhǐ
崭,zhǎn,妲,dá,掂,diān,醇,chún,掺,chān
驿,yì,槽,cáo,惬,qiè,镰,lián,抡,lūn
憧,chōng,删,shān,鸳,yuān,酣,hān,宦,huàn
筐,kuāng,琅,láng,瞻,zhān,焱,yàn,飙,biāo
湃,pài,俨,yǎn,跷,qiāo,栅,shān zhà,撅,juē
煽,shān,呱,gū guā,缰,jiāng,猝,cù,衮,gǔn
肴,yáo,殆,dài,谴,qiǎn,蔬,shū,飒,sà
婧,jìng,阐,chǎn,荧,yíng,侈,chǐ,霏,fēi
瘟,wēn,芜,wú,俭,jiǎn,崎,qí,亥,hài
俐,lì,屿,yǔ,譬,pì,饺,jiǎo,垄,lǒng
畴,chóu,杠,gàng,鬓,bìn,讼,sòng,晏,yàn
弈,yì,鞍,ān,瘸,qué,钮,niǔ,珏,jué
钰,yù,傀,kuǐ,噔,dēng,驭,yù,靶,bǎ
萦,yíng,韬,tāo,恙,yàng,懿,yì,竺,zhú
吝,lìn,羁,jī,荀,xún,癫,diān,嘭,pēng
菇,gū,恃,shì,瘪,biē biě,儡,lěi,踌,chóu
呦,yōu,榕,róng,昵,nì,躇,chú,烬,jìn
啰,luō luó luo,酌,zhuó,丙,bǐng,涎,xián,哒,dā
冽,liè,鸾,luán,砌,qì,烨,yè,翟,dí zhái
辗,zhǎn,噎,yē,驹,jū,噼,pī,咎,jiù
亵,xiè,陨,yǔn,蠕,rú,冕,miǎn,雌,cí
茸,róng,瑛,yīng,剃,tì,掰,bāi,蹙,cù
橡,xiàng,佯,yáng,笃,dǔ,崛,jué,勘,kān
稼,jià,桀,jié,渝,yú,汐,xī,锈,xiù
磅,bàng páng,壕,háo,娄,lóu,撮,cuō zuǒ,玑,jī
祠,cí,鹫,jiù,娲,wā,黏,nián,珀,pò
睽,kuí,栓,shuān,绫,líng,阑,lán,邑,yì
瑕,xiá,磋,cuō,粟,sù,薯,shǔ,沪,hù
